{
  "sample_ests": {
    "values": {
      "lb": 1.0088081685779529,
      "dE": 2.077543484031809,
      "a": 0.2877230044874781,
      "b": 1.648826668898582,
      "c": 0.0432881052743988
    },
    "errors": {
      "lb": 0.0019821462805771624,
      "dE": 0.0888953823744793,
      "a": 0.08120179402367339,
      "b": 0.2644172665146701,
      "c": 0.00617634334570788
    }
  },
  "individual_fits": {
    "values": {
      "lb": 1.0088081686985897,
      "dE": 2.077543478805693,
      "a": 0.28767527270155463,
      "b": 1.6475034366797796,
      "c": 0.043258423652815126
    },
    "errors": {
      "lb": 0.001981155156396922,
      "dE": 0.08885092927006277,
      "a": 0.08235332913774357,
      "b": 0.26814273067112937,
      "c": 0.006264208889444921
    }
  },
  "simultaneous_fit": {
    "values": {
      "lb": 1.0088138813558105,
      "dE": 2.077544004001197,
      "a": 0.28937509846562487,
      "b": 1.6425954157093838,
      "c": 0.04317883654414773
    },
    "errors": {
      "lb": 0.001982104626684748,
      "dE": 0.08888130204299219,
      "a": 0.07500602166325451,
      "b": 0.24664777351450629,
      "c": 0.005780737711977249
    }
  }
}