{
    "sample_ests": {
        "values": {
            "lb": 1.0088081685779529,
            "dE": 2.077543484031809,
            "a": 0.2876576873114059,
            "b": -1.6489285733936654,
            "c": 0.04329098615017247
        },
        "errors": {
            "lb": 0.0019821462805771624,
            "dE": 0.0888953823744793,
            "a": 0.08234210793869014,
            "b": 0.26810542559699513,
            "c": 0.006258827660751899
        }
    },
    "individual_fits": {
        "values": {
            "lb": 1.0088081686985897,
            "dE": 2.077543478805693,
            "a": 0.2879149510335083,
            "b": -1.6471632509587684,
            "c": 0.04323382696408871
        },
        "errors": {
            "lb": 0.001981155156396922,
            "dE": 0.08885092927006277,
            "a": 0.08194000083711725,
            "b": 0.26729666277565567,
            "c": 0.0062433314654750625
        }
    },
    "simultaneous_fit": {
        "values": {
            "lb": 1.008821966878712,
            "dE": 2.077348424562566,
            "a": 0.2888241506981083,
            "b": 1.6442051360806127,
            "c": 0.04322258705489737
        },
        "errors": {
            "lb": 0.001982090933827063,
            "dE": 0.08888041649553746,
            "a": 0.06066548887281362,
            "b": 0.20193846003246696,
            "c": 0.004706987004167433
        }
    }
}