{
    "sample_ests": {
        "values": {
            "lb": 1.0088081685779529,
            "dE": 2.077543484031809,
            "a": 0.2877230044874781,
            "b": 1.648826668898582,
            "c": 0.0432881052743988
        },
        "errors": {
            "lb": 0.0019821462805771624,
            "dE": 0.0888953823744793,
            "a": 0.08120179402367339,
            "b": 0.2644172665146701,
            "c": 0.00617634334570788
        }
    },
    "individual_fits": {
        "values": {
            "lb": 1.0088081686985897,
            "dE": 2.077543478805693,
            "a": 0.28767527270155463,
            "b": 1.6475034366797796,
            "c": 0.043258423652815126
        },
        "errors": {
            "lb": 0.001981155156396922,
            "dE": 0.08885092927006277,
            "a": 0.08235332913774357,
            "b": 0.26814273067112937,
            "c": 0.006264208889444921
        }
    },
    "simultaneous_fit": {
        "values": {
            "lb": 1.008821966878712,
            "dE": 2.077348424562566,
            "a": 0.2888241506981083,
            "b": 1.6442051360806127,
            "c": 0.04322258705489737
        },
        "errors": {
            "lb": 0.001982090933827063,
            "dE": 0.08888041649553746,
            "a": 0.06066548887281362,
            "b": 0.20193846003246696,
            "c": 0.004706987004167433
        }
    }
}