{
    "sample_ests": {
        "values": {
            "lb": 1.0088081685779529,
            "dE": 2.077543484031809,
            "a": 0.2877230044874781,
            "b": 1.648826668898582,
            "c": 0.0432881052743988
        },
        "errors": {
            "lb": 0.0019821462805771624,
            "dE": 0.0888953823744793,
            "a": 0.08120179402367339,
            "b": 0.2644172665146701,
            "c": 0.00617634334570788
        }
    },
    "individual_fits": {
        "values": {
            "lb": NaN,
            "dE": NaN,
            "a": NaN,
            "b": NaN,
            "c": NaN
        },
        "errors": {
            "lb": NaN,
            "dE": NaN,
            "a": NaN,
            "b": NaN,
            "c": NaN
        }
    },
    "simultaneous_fit": {
        "values": {
            "lb": NaN,
            "dE": NaN,
            "a": NaN,
            "b": NaN,
            "c": NaN
        },
        "errors": {
            "lb": NaN,
            "dE": NaN,
            "a": NaN,
            "b": NaN,
            "c": NaN
        }
    }
}