{
    "sample_ests": {
        "values": {
            "lb": 1.0088081685779529,
            "dE": 2.077543484031809,
            "a": 0.2876576873114059,
            "b": -1.6489285733936654,
            "c": 0.04329098615017247
        },
        "errors": {
            "lb": 0.0019821462805771624,
            "dE": 0.0888953823744793,
            "a": 0.08234210793869014,
            "b": 0.26810542559699513,
            "c": 0.006258827660751899
        }
    },
    "individual_fits": {
        "values": {
            "lb": NaN,
            "dE": NaN,
            "a": NaN,
            "b": NaN,
            "c": NaN
        },
        "errors": {
            "lb": NaN,
            "dE": NaN,
            "a": NaN,
            "b": NaN,
            "c": NaN
        }
    },
    "simultaneous_fit": {
        "values": {
            "lb": NaN,
            "dE": NaN,
            "a": NaN,
            "b": NaN,
            "c": NaN
        },
        "errors": {
            "lb": NaN,
            "dE": NaN,
            "a": NaN,
            "b": NaN,
            "c": NaN
        }
    }
}